DateKey,Date,Day,Month,MonthShort,MonthNo,Quarter,Year,CalendarSemester
20210101,2021-01-01,Friday,January,Jan,1,1,2021,1
20210102,2021-01-02,Saturday,January,Jan,1,1,2021,1
20210103,2021-01-03,Sunday,January,Jan,1,1,2021,1
20210104,2021-01-04,Monday,January,Jan,1,1,2021,1
20210105,2021-01-05,Tuesday,January,Jan,1,1,2021,1
20210106,2021-01-06,Wednesday,January,Jan,1,1,2021,1
20210107,2021-01-07,Thursday,January,Jan,1,1,2021,1
20210108,2021-01-08,Friday,January,Jan,1,1,2021,1
20210109,2021-01-09,Saturday,January,Jan,1,1,2021,1
20210110,2021-01-10,Sunday,January,Jan,1,1,2021,1
20210111,2021-01-11,Monday,January,Jan,1,1,2021,1
20210112,2021-01-12,Tuesday,January,Jan,1,1,2021,1
20210113,2021-01-13,Wednesday,January,Jan,1,1,2021,1
20210114,2021-01-14,Thursday,January,Jan,1,1,2021,1
20210115,2021-01-15,Friday,January,Jan,1,1,2021,1
20210116,2021-01-16,Saturday,January,Jan,1,1,2021,1
20210117,2021-01-17,Sunday,January,Jan,1,1,2021,1
20210118,2021-01-18,Monday,January,Jan,1,1,2021,1
20210119,2021-01-19,Tuesday,January,Jan,1,1,2021,1
20210120,2021-01-20,Wednesday,January,Jan,1,1,2021,1
20210121,2021-01-21,Thursday,January,Jan,1,1,2021,1
20210122,2021-01-22,Friday,January,Jan,1,1,2021,1
20210123,2021-01-23,Saturday,January,Jan,1,1,2021,1
20210124,2021-01-24,Sunday,January,Jan,1,1,2021,1
20210125,2021-01-25,Monday,January,Jan,1,1,2021,1
20210126,2021-01-26,Tuesday,January,Jan,1,1,2021,1
20210127,2021-01-27,Wednesday,January,Jan,1,1,2021,1
20210128,2021-01-28,Thursday,January,Jan,1,1,2021,1
20210129,2021-01-29,Friday,January,Jan,1,1,2021,1
20210130,2021-01-30,Saturday,January,Jan,1,1,2021,1
20210131,2021-01-31,Sunday,January,Jan,1,1,2021,1
20210201,2021-02-01,Monday,February,Feb,2,1,2021,1
20210202,2021-02-02,Tuesday,February,Feb,2,1,2021,1
20210203,2021-02-03,Wednesday,February,Feb,2,1,2021,1
20210204,2021-02-04,Thursday,February,Feb,2,1,2021,1
20210205,2021-02-05,Friday,February,Feb,2,1,2021,1
20210206,2021-02-06,Saturday,February,Feb,2,1,2021,1
20210207,2021-02-07,Sunday,February,Feb,2,1,2021,1
20210208,2021-02-08,Monday,February,Feb,2,1,2021,1
20210209,2021-02-09,Tuesday,February,Feb,2,1,2021,1
20210210,2021-02-10,Wednesday,February,Feb,2,1,2021,1
20210211,2021-02-11,Thursday,February,Feb,2,1,2021,1
20210212,2021-02-12,Friday,February,Feb,2,1,2021,1
20210213,2021-02-13,Saturday,February,Feb,2,1,2021,1
20210214,2021-02-14,Sunday,February,Feb,2,1,2021,1
20210215,2021-02-15,Monday,February,Feb,2,1,2021,1
20210216,2021-02-16,Tuesday,February,Feb,2,1,2021,1
20210217,2021-02-17,Wednesday,February,Feb,2,1,2021,1
20210218,2021-02-18,Thursday,February,Feb,2,1,2021,1
20210219,2021-02-19,Friday,February,Feb,2,1,2021,1
20210220,2021-02-20,Saturday,February,Feb,2,1,2021,1
20210221,2021-02-21,Sunday,February,Feb,2,1,2021,1
20210222,2021-02-22,Monday,February,Feb,2,1,2021,1
20210223,2021-02-23,Tuesday,February,Feb,2,1,2021,1
20210224,2021-02-24,Wednesday,February,Feb,2,1,2021,1
20210225,2021-02-25,Thursday,February,Feb,2,1,2021,1
20210226,2021-02-26,Friday,February,Feb,2,1,2021,1
20210227,2021-02-27,Saturday,February,Feb,2,1,2021,1
20210228,2021-02-28,Sunday,February,Feb,2,1,2021,1
20210301,2021-03-01,Monday,March,Mar,3,1,2021,1
20210302,2021-03-02,Tuesday,March,Mar,3,1,2021,1
20210303,2021-03-03,Wednesday,March,Mar,3,1,2021,1
20210304,2021-03-04,Thursday,March,Mar,3,1,2021,1
20210305,2021-03-05,Friday,March,Mar,3,1,2021,1
20210306,2021-03-06,Saturday,March,Mar,3,1,2021,1
20210307,2021-03-07,Sunday,March,Mar,3,1,2021,1
20210308,2021-03-08,Monday,March,Mar,3,1,2021,1
20210309,2021-03-09,Tuesday,March,Mar,3,1,2021,1
20210310,2021-03-10,Wednesday,March,Mar,3,1,2021,1
20210311,2021-03-11,Thursday,March,Mar,3,1,2021,1
20210312,2021-03-12,Friday,March,Mar,3,1,2021,1
20210313,2021-03-13,Saturday,March,Mar,3,1,2021,1
20210314,2021-03-14,Sunday,March,Mar,3,1,2021,1
20210315,2021-03-15,Monday,March,Mar,3,1,2021,1
20210316,2021-03-16,Tuesday,March,Mar,3,1,2021,1
20210317,2021-03-17,Wednesday,March,Mar,3,1,2021,1
20210318,2021-03-18,Thursday,March,Mar,3,1,2021,1
20210319,2021-03-19,Friday,March,Mar,3,1,2021,1
20210320,2021-03-20,Saturday,March,Mar,3,1,2021,1
20210321,2021-03-21,Sunday,March,Mar,3,1,2021,1
20210322,2021-03-22,Monday,March,Mar,3,1,2021,1
20210323,2021-03-23,Tuesday,March,Mar,3,1,2021,1
20210324,2021-03-24,Wednesday,March,Mar,3,1,2021,1
20210325,2021-03-25,Thursday,March,Mar,3,1,2021,1
20210326,2021-03-26,Friday,March,Mar,3,1,2021,1
20210327,2021-03-27,Saturday,March,Mar,3,1,2021,1
20210328,2021-03-28,Sunday,March,Mar,3,1,2021,1
20210329,2021-03-29,Monday,March,Mar,3,1,2021,1
20210330,2021-03-30,Tuesday,March,Mar,3,1,2021,1
20210331,2021-03-31,Wednesday,March,Mar,3,1,2021,1
20210401,2021-04-01,Thursday,April,Apr,4,2,2021,1
20210402,2021-04-02,Friday,April,Apr,4,2,2021,1
20210403,2021-04-03,Saturday,April,Apr,4,2,2021,1
20210404,2021-04-04,Sunday,April,Apr,4,2,2021,1
20210405,2021-04-05,Monday,April,Apr,4,2,2021,1
20210406,2021-04-06,Tuesday,April,Apr,4,2,2021,1
20210407,2021-04-07,Wednesday,April,Apr,4,2,2021,1
20210408,2021-04-08,Thursday,April,Apr,4,2,2021,1
20210409,2021-04-09,Friday,April,Apr,4,2,2021,1
20210410,2021-04-10,Saturday,April,Apr,4,2,2021,1
20210411,2021-04-11,Sunday,April,Apr,4,2,2021,1
20210412,2021-04-12,Monday,April,Apr,4,2,2021,1
20210413,2021-04-13,Tuesday,April,Apr,4,2,2021,1
20210414,2021-04-14,Wednesday,April,Apr,4,2,2021,1
20210415,2021-04-15,Thursday,April,Apr,4,2,2021,1
20210416,2021-04-16,Friday,April,Apr,4,2,2021,1
20210417,2021-04-17,Saturday,April,Apr,4,2,2021,1
20210418,2021-04-18,Sunday,April,Apr,4,2,2021,1
20210419,2021-04-19,Monday,April,Apr,4,2,2021,1
20210420,2021-04-20,Tuesday,April,Apr,4,2,2021,1
20210421,2021-04-21,Wednesday,April,Apr,4,2,2021,1
20210422,2021-04-22,Thursday,April,Apr,4,2,2021,1
20210423,2021-04-23,Friday,April,Apr,4,2,2021,1
20210424,2021-04-24,Saturday,April,Apr,4,2,2021,1
20210425,2021-04-25,Sunday,April,Apr,4,2,2021,1
20210426,2021-04-26,Monday,April,Apr,4,2,2021,1
20210427,2021-04-27,Tuesday,April,Apr,4,2,2021,1
20210428,2021-04-28,Wednesday,April,Apr,4,2,2021,1
20210429,2021-04-29,Thursday,April,Apr,4,2,2021,1
20210430,2021-04-30,Friday,April,Apr,4,2,2021,1
20210501,2021-05-01,Saturday,May,May,5,2,2021,1
20210502,2021-05-02,Sunday,May,May,5,2,2021,1
20210503,2021-05-03,Monday,May,May,5,2,2021,1
20210504,2021-05-04,Tuesday,May,May,5,2,2021,1
20210505,2021-05-05,Wednesday,May,May,5,2,2021,1
20210506,2021-05-06,Thursday,May,May,5,2,2021,1
20210507,2021-05-07,Friday,May,May,5,2,2021,1
20210508,2021-05-08,Saturday,May,May,5,2,2021,1
20210509,2021-05-09,Sunday,May,May,5,2,2021,1
20210510,2021-05-10,Monday,May,May,5,2,2021,1
20210511,2021-05-11,Tuesday,May,May,5,2,2021,1
20210512,2021-05-12,Wednesday,May,May,5,2,2021,1
20210513,2021-05-13,Thursday,May,May,5,2,2021,1
20210514,2021-05-14,Friday,May,May,5,2,2021,1
20210515,2021-05-15,Saturday,May,May,5,2,2021,1
20210516,2021-05-16,Sunday,May,May,5,2,2021,1
20210517,2021-05-17,Monday,May,May,5,2,2021,1
20210518,2021-05-18,Tuesday,May,May,5,2,2021,1
20210519,2021-05-19,Wednesday,May,May,5,2,2021,1
20210520,2021-05-20,Thursday,May,May,5,2,2021,1
20210521,2021-05-21,Friday,May,May,5,2,2021,1
20210522,2021-05-22,Saturday,May,May,5,2,2021,1
20210523,2021-05-23,Sunday,May,May,5,2,2021,1
20210524,2021-05-24,Monday,May,May,5,2,2021,1
20210525,2021-05-25,Tuesday,May,May,5,2,2021,1
20210526,2021-05-26,Wednesday,May,May,5,2,2021,1
20210527,2021-05-27,Thursday,May,May,5,2,2021,1
20210528,2021-05-28,Friday,May,May,5,2,2021,1
20210529,2021-05-29,Saturday,May,May,5,2,2021,1
20210530,2021-05-30,Sunday,May,May,5,2,2021,1
20210531,2021-05-31,Monday,May,May,5,2,2021,1
20210601,2021-06-01,Tuesday,June,Jun,6,2,2021,1
20210602,2021-06-02,Wednesday,June,Jun,6,2,2021,1
20210603,2021-06-03,Thursday,June,Jun,6,2,2021,1
20210604,2021-06-04,Friday,June,Jun,6,2,2021,1
20210605,2021-06-05,Saturday,June,Jun,6,2,2021,1
20210606,2021-06-06,Sunday,June,Jun,6,2,2021,1
20210607,2021-06-07,Monday,June,Jun,6,2,2021,1
20210608,2021-06-08,Tuesday,June,Jun,6,2,2021,1
20210609,2021-06-09,Wednesday,June,Jun,6,2,2021,1
20210610,2021-06-10,Thursday,June,Jun,6,2,2021,1
20210611,2021-06-11,Friday,June,Jun,6,2,2021,1
20210612,2021-06-12,Saturday,June,Jun,6,2,2021,1
20210613,2021-06-13,Sunday,June,Jun,6,2,2021,1
20210614,2021-06-14,Monday,June,Jun,6,2,2021,1
20210615,2021-06-15,Tuesday,June,Jun,6,2,2021,1
20210616,2021-06-16,Wednesday,June,Jun,6,2,2021,1
20210617,2021-06-17,Thursday,June,Jun,6,2,2021,1
20210618,2021-06-18,Friday,June,Jun,6,2,2021,1
20210619,2021-06-19,Saturday,June,Jun,6,2,2021,1
20210620,2021-06-20,Sunday,June,Jun,6,2,2021,1
20210621,2021-06-21,Monday,June,Jun,6,2,2021,1
20210622,2021-06-22,Tuesday,June,Jun,6,2,2021,1
20210623,2021-06-23,Wednesday,June,Jun,6,2,2021,1
20210624,2021-06-24,Thursday,June,Jun,6,2,2021,1
20210625,2021-06-25,Friday,June,Jun,6,2,2021,1
20210626,2021-06-26,Saturday,June,Jun,6,2,2021,1
20210627,2021-06-27,Sunday,June,Jun,6,2,2021,1
20210628,2021-06-28,Monday,June,Jun,6,2,2021,1
20210629,2021-06-29,Tuesday,June,Jun,6,2,2021,1
20210630,2021-06-30,Wednesday,June,Jun,6,2,2021,1
20210701,2021-07-01,Thursday,July,Jul,7,3,2021,2
20210702,2021-07-02,Friday,July,Jul,7,3,2021,2
20210703,2021-07-03,Saturday,July,Jul,7,3,2021,2
20210704,2021-07-04,Sunday,July,Jul,7,3,2021,2
20210705,2021-07-05,Monday,July,Jul,7,3,2021,2
20210706,2021-07-06,Tuesday,July,Jul,7,3,2021,2
20210707,2021-07-07,Wednesday,July,Jul,7,3,2021,2
20210708,2021-07-08,Thursday,July,Jul,7,3,2021,2
20210709,2021-07-09,Friday,July,Jul,7,3,2021,2
20210710,2021-07-10,Saturday,July,Jul,7,3,2021,2
20210711,2021-07-11,Sunday,July,Jul,7,3,2021,2
20210712,2021-07-12,Monday,July,Jul,7,3,2021,2
20210713,2021-07-13,Tuesday,July,Jul,7,3,2021,2
20210714,2021-07-14,Wednesday,July,Jul,7,3,2021,2
20210715,2021-07-15,Thursday,July,Jul,7,3,2021,2
20210716,2021-07-16,Friday,July,Jul,7,3,2021,2
20210717,2021-07-17,Saturday,July,Jul,7,3,2021,2
20210718,2021-07-18,Sunday,July,Jul,7,3,2021,2
20210719,2021-07-19,Monday,July,Jul,7,3,2021,2
20210720,2021-07-20,Tuesday,July,Jul,7,3,2021,2
20210721,2021-07-21,Wednesday,July,Jul,7,3,2021,2
20210722,2021-07-22,Thursday,July,Jul,7,3,2021,2
20210723,2021-07-23,Friday,July,Jul,7,3,2021,2
20210724,2021-07-24,Saturday,July,Jul,7,3,2021,2
20210725,2021-07-25,Sunday,July,Jul,7,3,2021,2
20210726,2021-07-26,Monday,July,Jul,7,3,2021,2
20210727,2021-07-27,Tuesday,July,Jul,7,3,2021,2
20210728,2021-07-28,Wednesday,July,Jul,7,3,2021,2
20210729,2021-07-29,Thursday,July,Jul,7,3,2021,2
20210730,2021-07-30,Friday,July,Jul,7,3,2021,2
20210731,2021-07-31,Saturday,July,Jul,7,3,2021,2
20210801,2021-08-01,Sunday,August,Aug,8,3,2021,2
20210802,2021-08-02,Monday,August,Aug,8,3,2021,2
20210803,2021-08-03,Tuesday,August,Aug,8,3,2021,2
20210804,2021-08-04,Wednesday,August,Aug,8,3,2021,2
20210805,2021-08-05,Thursday,August,Aug,8,3,2021,2
20210806,2021-08-06,Friday,August,Aug,8,3,2021,2
20210807,2021-08-07,Saturday,August,Aug,8,3,2021,2
20210808,2021-08-08,Sunday,August,Aug,8,3,2021,2
20210809,2021-08-09,Monday,August,Aug,8,3,2021,2
20210810,2021-08-10,Tuesday,August,Aug,8,3,2021,2
20210811,2021-08-11,Wednesday,August,Aug,8,3,2021,2
20210812,2021-08-12,Thursday,August,Aug,8,3,2021,2
20210813,2021-08-13,Friday,August,Aug,8,3,2021,2
20210814,2021-08-14,Saturday,August,Aug,8,3,2021,2
20210815,2021-08-15,Sunday,August,Aug,8,3,2021,2
20210816,2021-08-16,Monday,August,Aug,8,3,2021,2
20210817,2021-08-17,Tuesday,August,Aug,8,3,2021,2
20210818,2021-08-18,Wednesday,August,Aug,8,3,2021,2
20210819,2021-08-19,Thursday,August,Aug,8,3,2021,2
20210820,2021-08-20,Friday,August,Aug,8,3,2021,2
20210821,2021-08-21,Saturday,August,Aug,8,3,2021,2
20210822,2021-08-22,Sunday,August,Aug,8,3,2021,2
20210823,2021-08-23,Monday,August,Aug,8,3,2021,2
20210824,2021-08-24,Tuesday,August,Aug,8,3,2021,2
20210825,2021-08-25,Wednesday,August,Aug,8,3,2021,2
20210826,2021-08-26,Thursday,August,Aug,8,3,2021,2
20210827,2021-08-27,Friday,August,Aug,8,3,2021,2
20210828,2021-08-28,Saturday,August,Aug,8,3,2021,2
20210829,2021-08-29,Sunday,August,Aug,8,3,2021,2
20210830,2021-08-30,Monday,August,Aug,8,3,2021,2
20210831,2021-08-31,Tuesday,August,Aug,8,3,2021,2
20210901,2021-09-01,Wednesday,September,Sep,9,3,2021,2
20210902,2021-09-02,Thursday,September,Sep,9,3,2021,2
20210903,2021-09-03,Friday,September,Sep,9,3,2021,2
20210904,2021-09-04,Saturday,September,Sep,9,3,2021,2
20210905,2021-09-05,Sunday,September,Sep,9,3,2021,2
20210906,2021-09-06,Monday,September,Sep,9,3,2021,2
20210907,2021-09-07,Tuesday,September,Sep,9,3,2021,2
20210908,2021-09-08,Wednesday,September,Sep,9,3,2021,2
20210909,2021-09-09,Thursday,September,Sep,9,3,2021,2
20210910,2021-09-10,Friday,September,Sep,9,3,2021,2
20210911,2021-09-11,Saturday,September,Sep,9,3,2021,2
20210912,2021-09-12,Sunday,September,Sep,9,3,2021,2
20210913,2021-09-13,Monday,September,Sep,9,3,2021,2
20210914,2021-09-14,Tuesday,September,Sep,9,3,2021,2
20210915,2021-09-15,Wednesday,September,Sep,9,3,2021,2
20210916,2021-09-16,Thursday,September,Sep,9,3,2021,2
20210917,2021-09-17,Friday,September,Sep,9,3,2021,2
20210918,2021-09-18,Saturday,September,Sep,9,3,2021,2
20210919,2021-09-19,Sunday,September,Sep,9,3,2021,2
20210920,2021-09-20,Monday,September,Sep,9,3,2021,2
20210921,2021-09-21,Tuesday,September,Sep,9,3,2021,2
20210922,2021-09-22,Wednesday,September,Sep,9,3,2021,2
20210923,2021-09-23,Thursday,September,Sep,9,3,2021,2
20210924,2021-09-24,Friday,September,Sep,9,3,2021,2
20210925,2021-09-25,Saturday,September,Sep,9,3,2021,2
20210926,2021-09-26,Sunday,September,Sep,9,3,2021,2
20210927,2021-09-27,Monday,September,Sep,9,3,2021,2
20210928,2021-09-28,Tuesday,September,Sep,9,3,2021,2
20210929,2021-09-29,Wednesday,September,Sep,9,3,2021,2
20210930,2021-09-30,Thursday,September,Sep,9,3,2021,2
20211001,2021-10-01,Friday,October,Oct,10,4,2021,2
20211002,2021-10-02,Saturday,October,Oct,10,4,2021,2
20211003,2021-10-03,Sunday,October,Oct,10,4,2021,2
20211004,2021-10-04,Monday,October,Oct,10,4,2021,2
20211005,2021-10-05,Tuesday,October,Oct,10,4,2021,2
20211006,2021-10-06,Wednesday,October,Oct,10,4,2021,2
20211007,2021-10-07,Thursday,October,Oct,10,4,2021,2
20211008,2021-10-08,Friday,October,Oct,10,4,2021,2
20211009,2021-10-09,Saturday,October,Oct,10,4,2021,2
20211010,2021-10-10,Sunday,October,Oct,10,4,2021,2
20211011,2021-10-11,Monday,October,Oct,10,4,2021,2
20211012,2021-10-12,Tuesday,October,Oct,10,4,2021,2
20211013,2021-10-13,Wednesday,October,Oct,10,4,2021,2
20211014,2021-10-14,Thursday,October,Oct,10,4,2021,2
20211015,2021-10-15,Friday,October,Oct,10,4,2021,2
20211016,2021-10-16,Saturday,October,Oct,10,4,2021,2
20211017,2021-10-17,Sunday,October,Oct,10,4,2021,2
20211018,2021-10-18,Monday,October,Oct,10,4,2021,2
20211019,2021-10-19,Tuesday,October,Oct,10,4,2021,2
20211020,2021-10-20,Wednesday,October,Oct,10,4,2021,2
20211021,2021-10-21,Thursday,October,Oct,10,4,2021,2
20211022,2021-10-22,Friday,October,Oct,10,4,2021,2
20211023,2021-10-23,Saturday,October,Oct,10,4,2021,2
20211024,2021-10-24,Sunday,October,Oct,10,4,2021,2
20211025,2021-10-25,Monday,October,Oct,10,4,2021,2
20211026,2021-10-26,Tuesday,October,Oct,10,4,2021,2
20211027,2021-10-27,Wednesday,October,Oct,10,4,2021,2
20211028,2021-10-28,Thursday,October,Oct,10,4,2021,2
20211029,2021-10-29,Friday,October,Oct,10,4,2021,2
20211030,2021-10-30,Saturday,October,Oct,10,4,2021,2
20211031,2021-10-31,Sunday,October,Oct,10,4,2021,2
20211101,2021-11-01,Monday,November,Nov,11,4,2021,2
20211102,2021-11-02,Tuesday,November,Nov,11,4,2021,2
20211103,2021-11-03,Wednesday,November,Nov,11,4,2021,2
20211104,2021-11-04,Thursday,November,Nov,11,4,2021,2
20211105,2021-11-05,Friday,November,Nov,11,4,2021,2
20211106,2021-11-06,Saturday,November,Nov,11,4,2021,2
20211107,2021-11-07,Sunday,November,Nov,11,4,2021,2
20211108,2021-11-08,Monday,November,Nov,11,4,2021,2
20211109,2021-11-09,Tuesday,November,Nov,11,4,2021,2
20211110,2021-11-10,Wednesday,November,Nov,11,4,2021,2
20211111,2021-11-11,Thursday,November,Nov,11,4,2021,2
20211112,2021-11-12,Friday,November,Nov,11,4,2021,2
20211113,2021-11-13,Saturday,November,Nov,11,4,2021,2
20211114,2021-11-14,Sunday,November,Nov,11,4,2021,2
20211115,2021-11-15,Monday,November,Nov,11,4,2021,2
20211116,2021-11-16,Tuesday,November,Nov,11,4,2021,2
20211117,2021-11-17,Wednesday,November,Nov,11,4,2021,2
20211118,2021-11-18,Thursday,November,Nov,11,4,2021,2
20211119,2021-11-19,Friday,November,Nov,11,4,2021,2
20211120,2021-11-20,Saturday,November,Nov,11,4,2021,2
20211121,2021-11-21,Sunday,November,Nov,11,4,2021,2
20211122,2021-11-22,Monday,November,Nov,11,4,2021,2
20211123,2021-11-23,Tuesday,November,Nov,11,4,2021,2
20211124,2021-11-24,Wednesday,November,Nov,11,4,2021,2
20211125,2021-11-25,Thursday,November,Nov,11,4,2021,2
20211126,2021-11-26,Friday,November,Nov,11,4,2021,2
20211127,2021-11-27,Saturday,November,Nov,11,4,2021,2
20211128,2021-11-28,Sunday,November,Nov,11,4,2021,2
20211129,2021-11-29,Monday,November,Nov,11,4,2021,2
20211130,2021-11-30,Tuesday,November,Nov,11,4,2021,2
20211201,2021-12-01,Wednesday,December,Dec,12,4,2021,2
20211202,2021-12-02,Thursday,December,Dec,12,4,2021,2
20211203,2021-12-03,Friday,December,Dec,12,4,2021,2
20211204,2021-12-04,Saturday,December,Dec,12,4,2021,2
20211205,2021-12-05,Sunday,December,Dec,12,4,2021,2
20211206,2021-12-06,Monday,December,Dec,12,4,2021,2
20211207,2021-12-07,Tuesday,December,Dec,12,4,2021,2
20211208,2021-12-08,Wednesday,December,Dec,12,4,2021,2
20211209,2021-12-09,Thursday,December,Dec,12,4,2021,2
20211210,2021-12-10,Friday,December,Dec,12,4,2021,2
20211211,2021-12-11,Saturday,December,Dec,12,4,2021,2
20211212,2021-12-12,Sunday,December,Dec,12,4,2021,2
20211213,2021-12-13,Monday,December,Dec,12,4,2021,2
20211214,2021-12-14,Tuesday,December,Dec,12,4,2021,2
20211215,2021-12-15,Wednesday,December,Dec,12,4,2021,2
20211216,2021-12-16,Thursday,December,Dec,12,4,2021,2
20211217,2021-12-17,Friday,December,Dec,12,4,2021,2
20211218,2021-12-18,Saturday,December,Dec,12,4,2021,2
20211219,2021-12-19,Sunday,December,Dec,12,4,2021,2
20211220,2021-12-20,Monday,December,Dec,12,4,2021,2
20211221,2021-12-21,Tuesday,December,Dec,12,4,2021,2
20211222,2021-12-22,Wednesday,December,Dec,12,4,2021,2
20211223,2021-12-23,Thursday,December,Dec,12,4,2021,2
20211224,2021-12-24,Friday,December,Dec,12,4,2021,2
20211225,2021-12-25,Saturday,December,Dec,12,4,2021,2
20211226,2021-12-26,Sunday,December,Dec,12,4,2021,2
20211227,2021-12-27,Monday,December,Dec,12,4,2021,2
20211228,2021-12-28,Tuesday,December,Dec,12,4,2021,2
20211229,2021-12-29,Wednesday,December,Dec,12,4,2021,2
20211230,2021-12-30,Thursday,December,Dec,12,4,2021,2
20211231,2021-12-31,Friday,December,Dec,12,4,2021,2
20220101,2022-01-01,Saturday,January,Jan,1,1,2022,1
20220102,2022-01-02,Sunday,January,Jan,1,1,2022,1
20220103,2022-01-03,Monday,January,Jan,1,1,2022,1
20220104,2022-01-04,Tuesday,January,Jan,1,1,2022,1
20220105,2022-01-05,Wednesday,January,Jan,1,1,2022,1
20220106,2022-01-06,Thursday,January,Jan,1,1,2022,1
20220107,2022-01-07,Friday,January,Jan,1,1,2022,1
20220108,2022-01-08,Saturday,January,Jan,1,1,2022,1
20220109,2022-01-09,Sunday,January,Jan,1,1,2022,1
20220110,2022-01-10,Monday,January,Jan,1,1,2022,1
20220111,2022-01-11,Tuesday,January,Jan,1,1,2022,1
20220112,2022-01-12,Wednesday,January,Jan,1,1,2022,1
20220113,2022-01-13,Thursday,January,Jan,1,1,2022,1
20220114,2022-01-14,Friday,January,Jan,1,1,2022,1
20220115,2022-01-15,Saturday,January,Jan,1,1,2022,1
20220116,2022-01-16,Sunday,January,Jan,1,1,2022,1
20220117,2022-01-17,Monday,January,Jan,1,1,2022,1
20220118,2022-01-18,Tuesday,January,Jan,1,1,2022,1
20220119,2022-01-19,Wednesday,January,Jan,1,1,2022,1
20220120,2022-01-20,Thursday,January,Jan,1,1,2022,1
20220121,2022-01-21,Friday,January,Jan,1,1,2022,1
20220122,2022-01-22,Saturday,January,Jan,1,1,2022,1
20220123,2022-01-23,Sunday,January,Jan,1,1,2022,1
20220124,2022-01-24,Monday,January,Jan,1,1,2022,1
20220125,2022-01-25,Tuesday,January,Jan,1,1,2022,1
20220126,2022-01-26,Wednesday,January,Jan,1,1,2022,1
20220127,2022-01-27,Thursday,January,Jan,1,1,2022,1
20220128,2022-01-28,Friday,January,Jan,1,1,2022,1
20220129,2022-01-29,Saturday,January,Jan,1,1,2022,1
20220130,2022-01-30,Sunday,January,Jan,1,1,2022,1
20220131,2022-01-31,Monday,January,Jan,1,1,2022,1
20220201,2022-02-01,Tuesday,February,Feb,2,1,2022,1
20220202,2022-02-02,Wednesday,February,Feb,2,1,2022,1
20220203,2022-02-03,Thursday,February,Feb,2,1,2022,1
20220204,2022-02-04,Friday,February,Feb,2,1,2022,1
20220205,2022-02-05,Saturday,February,Feb,2,1,2022,1
20220206,2022-02-06,Sunday,February,Feb,2,1,2022,1
20220207,2022-02-07,Monday,February,Feb,2,1,2022,1
20220208,2022-02-08,Tuesday,February,Feb,2,1,2022,1
20220209,2022-02-09,Wednesday,February,Feb,2,1,2022,1
20220210,2022-02-10,Thursday,February,Feb,2,1,2022,1
20220211,2022-02-11,Friday,February,Feb,2,1,2022,1
20220212,2022-02-12,Saturday,February,Feb,2,1,2022,1
20220213,2022-02-13,Sunday,February,Feb,2,1,2022,1
20220214,2022-02-14,Monday,February,Feb,2,1,2022,1
20220215,2022-02-15,Tuesday,February,Feb,2,1,2022,1
20220216,2022-02-16,Wednesday,February,Feb,2,1,2022,1
20220217,2022-02-17,Thursday,February,Feb,2,1,2022,1
20220218,2022-02-18,Friday,February,Feb,2,1,2022,1
20220219,2022-02-19,Saturday,February,Feb,2,1,2022,1
20220220,2022-02-20,Sunday,February,Feb,2,1,2022,1
20220221,2022-02-21,Monday,February,Feb,2,1,2022,1
20220222,2022-02-22,Tuesday,February,Feb,2,1,2022,1
20220223,2022-02-23,Wednesday,February,Feb,2,1,2022,1
20220224,2022-02-24,Thursday,February,Feb,2,1,2022,1
20220225,2022-02-25,Friday,February,Feb,2,1,2022,1
20220226,2022-02-26,Saturday,February,Feb,2,1,2022,1
20220227,2022-02-27,Sunday,February,Feb,2,1,2022,1
20220228,2022-02-28,Monday,February,Feb,2,1,2022,1
20220301,2022-03-01,Tuesday,March,Mar,3,1,2022,1
20220302,2022-03-02,Wednesday,March,Mar,3,1,2022,1
20220303,2022-03-03,Thursday,March,Mar,3,1,2022,1
20220304,2022-03-04,Friday,March,Mar,3,1,2022,1
20220305,2022-03-05,Saturday,March,Mar,3,1,2022,1
20220306,2022-03-06,Sunday,March,Mar,3,1,2022,1
20220307,2022-03-07,Monday,March,Mar,3,1,2022,1
20220308,2022-03-08,Tuesday,March,Mar,3,1,2022,1
20220309,2022-03-09,Wednesday,March,Mar,3,1,2022,1
20220310,2022-03-10,Thursday,March,Mar,3,1,2022,1
20220311,2022-03-11,Friday,March,Mar,3,1,2022,1
20220312,2022-03-12,Saturday,March,Mar,3,1,2022,1
20220313,2022-03-13,Sunday,March,Mar,3,1,2022,1
20220314,2022-03-14,Monday,March,Mar,3,1,2022,1
20220315,2022-03-15,Tuesday,March,Mar,3,1,2022,1
20220316,2022-03-16,Wednesday,March,Mar,3,1,2022,1
20220317,2022-03-17,Thursday,March,Mar,3,1,2022,1
20220318,2022-03-18,Friday,March,Mar,3,1,2022,1
20220319,2022-03-19,Saturday,March,Mar,3,1,2022,1
20220320,2022-03-20,Sunday,March,Mar,3,1,2022,1
20220321,2022-03-21,Monday,March,Mar,3,1,2022,1
20220322,2022-03-22,Tuesday,March,Mar,3,1,2022,1
20220323,2022-03-23,Wednesday,March,Mar,3,1,2022,1
20220324,2022-03-24,Thursday,March,Mar,3,1,2022,1
20220325,2022-03-25,Friday,March,Mar,3,1,2022,1
20220326,2022-03-26,Saturday,March,Mar,3,1,2022,1
20220327,2022-03-27,Sunday,March,Mar,3,1,2022,1
20220328,2022-03-28,Monday,March,Mar,3,1,2022,1
20220329,2022-03-29,Tuesday,March,Mar,3,1,2022,1
20220330,2022-03-30,Wednesday,March,Mar,3,1,2022,1
20220331,2022-03-31,Thursday,March,Mar,3,1,2022,1
20220401,2022-04-01,Friday,April,Apr,4,2,2022,1
20220402,2022-04-02,Saturday,April,Apr,4,2,2022,1
20220403,2022-04-03,Sunday,April,Apr,4,2,2022,1
20220404,2022-04-04,Monday,April,Apr,4,2,2022,1
20220405,2022-04-05,Tuesday,April,Apr,4,2,2022,1
20220406,2022-04-06,Wednesday,April,Apr,4,2,2022,1
20220407,2022-04-07,Thursday,April,Apr,4,2,2022,1
20220408,2022-04-08,Friday,April,Apr,4,2,2022,1
20220409,2022-04-09,Saturday,April,Apr,4,2,2022,1
20220410,2022-04-10,Sunday,April,Apr,4,2,2022,1
20220411,2022-04-11,Monday,April,Apr,4,2,2022,1
20220412,2022-04-12,Tuesday,April,Apr,4,2,2022,1
20220413,2022-04-13,Wednesday,April,Apr,4,2,2022,1
20220414,2022-04-14,Thursday,April,Apr,4,2,2022,1
20220415,2022-04-15,Friday,April,Apr,4,2,2022,1
20220416,2022-04-16,Saturday,April,Apr,4,2,2022,1
20220417,2022-04-17,Sunday,April,Apr,4,2,2022,1
20220418,2022-04-18,Monday,April,Apr,4,2,2022,1
20220419,2022-04-19,Tuesday,April,Apr,4,2,2022,1
20220420,2022-04-20,Wednesday,April,Apr,4,2,2022,1
20220421,2022-04-21,Thursday,April,Apr,4,2,2022,1
20220422,2022-04-22,Friday,April,Apr,4,2,2022,1
20220423,2022-04-23,Saturday,April,Apr,4,2,2022,1
20220424,2022-04-24,Sunday,April,Apr,4,2,2022,1
20220425,2022-04-25,Monday,April,Apr,4,2,2022,1
20220426,2022-04-26,Tuesday,April,Apr,4,2,2022,1
20220427,2022-04-27,Wednesday,April,Apr,4,2,2022,1
20220428,2022-04-28,Thursday,April,Apr,4,2,2022,1
20220429,2022-04-29,Friday,April,Apr,4,2,2022,1
20220430,2022-04-30,Saturday,April,Apr,4,2,2022,1
20220501,2022-05-01,Sunday,May,May,5,2,2022,1
20220502,2022-05-02,Monday,May,May,5,2,2022,1
20220503,2022-05-03,Tuesday,May,May,5,2,2022,1
20220504,2022-05-04,Wednesday,May,May,5,2,2022,1
20220505,2022-05-05,Thursday,May,May,5,2,2022,1
20220506,2022-05-06,Friday,May,May,5,2,2022,1
20220507,2022-05-07,Saturday,May,May,5,2,2022,1
20220508,2022-05-08,Sunday,May,May,5,2,2022,1
20220509,2022-05-09,Monday,May,May,5,2,2022,1
20220510,2022-05-10,Tuesday,May,May,5,2,2022,1
20220511,2022-05-11,Wednesday,May,May,5,2,2022,1
20220512,2022-05-12,Thursday,May,May,5,2,2022,1
20220513,2022-05-13,Friday,May,May,5,2,2022,1
20220514,2022-05-14,Saturday,May,May,5,2,2022,1
20220515,2022-05-15,Sunday,May,May,5,2,2022,1
20220516,2022-05-16,Monday,May,May,5,2,2022,1
20220517,2022-05-17,Tuesday,May,May,5,2,2022,1
20220518,2022-05-18,Wednesday,May,May,5,2,2022,1
20220519,2022-05-19,Thursday,May,May,5,2,2022,1
20220520,2022-05-20,Friday,May,May,5,2,2022,1
20220521,2022-05-21,Saturday,May,May,5,2,2022,1
20220522,2022-05-22,Sunday,May,May,5,2,2022,1
20220523,2022-05-23,Monday,May,May,5,2,2022,1
20220524,2022-05-24,Tuesday,May,May,5,2,2022,1
20220525,2022-05-25,Wednesday,May,May,5,2,2022,1
20220526,2022-05-26,Thursday,May,May,5,2,2022,1
20220527,2022-05-27,Friday,May,May,5,2,2022,1
20220528,2022-05-28,Saturday,May,May,5,2,2022,1
20220529,2022-05-29,Sunday,May,May,5,2,2022,1
20220530,2022-05-30,Monday,May,May,5,2,2022,1
20220531,2022-05-31,Tuesday,May,May,5,2,2022,1
20220601,2022-06-01,Wednesday,June,Jun,6,2,2022,1
20220602,2022-06-02,Thursday,June,Jun,6,2,2022,1
20220603,2022-06-03,Friday,June,Jun,6,2,2022,1
20220604,2022-06-04,Saturday,June,Jun,6,2,2022,1
20220605,2022-06-05,Sunday,June,Jun,6,2,2022,1
20220606,2022-06-06,Monday,June,Jun,6,2,2022,1
20220607,2022-06-07,Tuesday,June,Jun,6,2,2022,1
20220608,2022-06-08,Wednesday,June,Jun,6,2,2022,1
20220609,2022-06-09,Thursday,June,Jun,6,2,2022,1
20220610,2022-06-10,Friday,June,Jun,6,2,2022,1
20220611,2022-06-11,Saturday,June,Jun,6,2,2022,1
20220612,2022-06-12,Sunday,June,Jun,6,2,2022,1
20220613,2022-06-13,Monday,June,Jun,6,2,2022,1
20220614,2022-06-14,Tuesday,June,Jun,6,2,2022,1
20220615,2022-06-15,Wednesday,June,Jun,6,2,2022,1
20220616,2022-06-16,Thursday,June,Jun,6,2,2022,1
20220617,2022-06-17,Friday,June,Jun,6,2,2022,1
20220618,2022-06-18,Saturday,June,Jun,6,2,2022,1
20220619,2022-06-19,Sunday,June,Jun,6,2,2022,1
20220620,2022-06-20,Monday,June,Jun,6,2,2022,1
20220621,2022-06-21,Tuesday,June,Jun,6,2,2022,1
20220622,2022-06-22,Wednesday,June,Jun,6,2,2022,1
20220623,2022-06-23,Thursday,June,Jun,6,2,2022,1
20220624,2022-06-24,Friday,June,Jun,6,2,2022,1
20220625,2022-06-25,Saturday,June,Jun,6,2,2022,1
20220626,2022-06-26,Sunday,June,Jun,6,2,2022,1
20220627,2022-06-27,Monday,June,Jun,6,2,2022,1
20220628,2022-06-28,Tuesday,June,Jun,6,2,2022,1
20220629,2022-06-29,Wednesday,June,Jun,6,2,2022,1
20220630,2022-06-30,Thursday,June,Jun,6,2,2022,1
20220701,2022-07-01,Friday,July,Jul,7,3,2022,2
20220702,2022-07-02,Saturday,July,Jul,7,3,2022,2
20220703,2022-07-03,Sunday,July,Jul,7,3,2022,2
20220704,2022-07-04,Monday,July,Jul,7,3,2022,2
20220705,2022-07-05,Tuesday,July,Jul,7,3,2022,2
20220706,2022-07-06,Wednesday,July,Jul,7,3,2022,2
20220707,2022-07-07,Thursday,July,Jul,7,3,2022,2
20220708,2022-07-08,Friday,July,Jul,7,3,2022,2
20220709,2022-07-09,Saturday,July,Jul,7,3,2022,2
20220710,2022-07-10,Sunday,July,Jul,7,3,2022,2
20220711,2022-07-11,Monday,July,Jul,7,3,2022,2
20220712,2022-07-12,Tuesday,July,Jul,7,3,2022,2
20220713,2022-07-13,Wednesday,July,Jul,7,3,2022,2
20220714,2022-07-14,Thursday,July,Jul,7,3,2022,2
20220715,2022-07-15,Friday,July,Jul,7,3,2022,2
20220716,2022-07-16,Saturday,July,Jul,7,3,2022,2
20220717,2022-07-17,Sunday,July,Jul,7,3,2022,2
20220718,2022-07-18,Monday,July,Jul,7,3,2022,2
20220719,2022-07-19,Tuesday,July,Jul,7,3,2022,2
20220720,2022-07-20,Wednesday,July,Jul,7,3,2022,2
20220721,2022-07-21,Thursday,July,Jul,7,3,2022,2
20220722,2022-07-22,Friday,July,Jul,7,3,2022,2
20220723,2022-07-23,Saturday,July,Jul,7,3,2022,2
20220724,2022-07-24,Sunday,July,Jul,7,3,2022,2
20220725,2022-07-25,Monday,July,Jul,7,3,2022,2
20220726,2022-07-26,Tuesday,July,Jul,7,3,2022,2
20220727,2022-07-27,Wednesday,July,Jul,7,3,2022,2
20220728,2022-07-28,Thursday,July,Jul,7,3,2022,2
20220729,2022-07-29,Friday,July,Jul,7,3,2022,2
20220730,2022-07-30,Saturday,July,Jul,7,3,2022,2
20220731,2022-07-31,Sunday,July,Jul,7,3,2022,2
20220801,2022-08-01,Monday,August,Aug,8,3,2022,2
20220802,2022-08-02,Tuesday,August,Aug,8,3,2022,2
20220803,2022-08-03,Wednesday,August,Aug,8,3,2022,2
20220804,2022-08-04,Thursday,August,Aug,8,3,2022,2
20220805,2022-08-05,Friday,August,Aug,8,3,2022,2
20220806,2022-08-06,Saturday,August,Aug,8,3,2022,2
20220807,2022-08-07,Sunday,August,Aug,8,3,2022,2
20220808,2022-08-08,Monday,August,Aug,8,3,2022,2
20220809,2022-08-09,Tuesday,August,Aug,8,3,2022,2
20220810,2022-08-10,Wednesday,August,Aug,8,3,2022,2
20220811,2022-08-11,Thursday,August,Aug,8,3,2022,2
20220812,2022-08-12,Friday,August,Aug,8,3,2022,2
20220813,2022-08-13,Saturday,August,Aug,8,3,2022,2
20220814,2022-08-14,Sunday,August,Aug,8,3,2022,2
20220815,2022-08-15,Monday,August,Aug,8,3,2022,2
20220816,2022-08-16,Tuesday,August,Aug,8,3,2022,2
20220817,2022-08-17,Wednesday,August,Aug,8,3,2022,2
20220818,2022-08-18,Thursday,August,Aug,8,3,2022,2
20220819,2022-08-19,Friday,August,Aug,8,3,2022,2
20220820,2022-08-20,Saturday,August,Aug,8,3,2022,2
20220821,2022-08-21,Sunday,August,Aug,8,3,2022,2
20220822,2022-08-22,Monday,August,Aug,8,3,2022,2
20220823,2022-08-23,Tuesday,August,Aug,8,3,2022,2
20220824,2022-08-24,Wednesday,August,Aug,8,3,2022,2
20220825,2022-08-25,Thursday,August,Aug,8,3,2022,2
20220826,2022-08-26,Friday,August,Aug,8,3,2022,2
20220827,2022-08-27,Saturday,August,Aug,8,3,2022,2
20220828,2022-08-28,Sunday,August,Aug,8,3,2022,2
20220829,2022-08-29,Monday,August,Aug,8,3,2022,2
20220830,2022-08-30,Tuesday,August,Aug,8,3,2022,2
20220831,2022-08-31,Wednesday,August,Aug,8,3,2022,2
20220901,2022-09-01,Thursday,September,Sep,9,3,2022,2
20220902,2022-09-02,Friday,September,Sep,9,3,2022,2
20220903,2022-09-03,Saturday,September,Sep,9,3,2022,2
20220904,2022-09-04,Sunday,September,Sep,9,3,2022,2
20220905,2022-09-05,Monday,September,Sep,9,3,2022,2
20220906,2022-09-06,Tuesday,September,Sep,9,3,2022,2
20220907,2022-09-07,Wednesday,September,Sep,9,3,2022,2
20220908,2022-09-08,Thursday,September,Sep,9,3,2022,2
20220909,2022-09-09,Friday,September,Sep,9,3,2022,2
20220910,2022-09-10,Saturday,September,Sep,9,3,2022,2
20220911,2022-09-11,Sunday,September,Sep,9,3,2022,2
20220912,2022-09-12,Monday,September,Sep,9,3,2022,2
20220913,2022-09-13,Tuesday,September,Sep,9,3,2022,2
20220914,2022-09-14,Wednesday,September,Sep,9,3,2022,2
20220915,2022-09-15,Thursday,September,Sep,9,3,2022,2
20220916,2022-09-16,Friday,September,Sep,9,3,2022,2
20220917,2022-09-17,Saturday,September,Sep,9,3,2022,2
20220918,2022-09-18,Sunday,September,Sep,9,3,2022,2
20220919,2022-09-19,Monday,September,Sep,9,3,2022,2
20220920,2022-09-20,Tuesday,September,Sep,9,3,2022,2
20220921,2022-09-21,Wednesday,September,Sep,9,3,2022,2
20220922,2022-09-22,Thursday,September,Sep,9,3,2022,2
20220923,2022-09-23,Friday,September,Sep,9,3,2022,2
20220924,2022-09-24,Saturday,September,Sep,9,3,2022,2
20220925,2022-09-25,Sunday,September,Sep,9,3,2022,2
20220926,2022-09-26,Monday,September,Sep,9,3,2022,2
20220927,2022-09-27,Tuesday,September,Sep,9,3,2022,2
20220928,2022-09-28,Wednesday,September,Sep,9,3,2022,2
20220929,2022-09-29,Thursday,September,Sep,9,3,2022,2
20220930,2022-09-30,Friday,September,Sep,9,3,2022,2
20221001,2022-10-01,Saturday,October,Oct,10,4,2022,2
20221002,2022-10-02,Sunday,October,Oct,10,4,2022,2
20221003,2022-10-03,Monday,October,Oct,10,4,2022,2
20221004,2022-10-04,Tuesday,October,Oct,10,4,2022,2
20221005,2022-10-05,Wednesday,October,Oct,10,4,2022,2
20221006,2022-10-06,Thursday,October,Oct,10,4,2022,2
20221007,2022-10-07,Friday,October,Oct,10,4,2022,2
20221008,2022-10-08,Saturday,October,Oct,10,4,2022,2
20221009,2022-10-09,Sunday,October,Oct,10,4,2022,2
20221010,2022-10-10,Monday,October,Oct,10,4,2022,2
20221011,2022-10-11,Tuesday,October,Oct,10,4,2022,2
20221012,2022-10-12,Wednesday,October,Oct,10,4,2022,2
20221013,2022-10-13,Thursday,October,Oct,10,4,2022,2
20221014,2022-10-14,Friday,October,Oct,10,4,2022,2
20221015,2022-10-15,Saturday,October,Oct,10,4,2022,2
20221016,2022-10-16,Sunday,October,Oct,10,4,2022,2
20221017,2022-10-17,Monday,October,Oct,10,4,2022,2
20221018,2022-10-18,Tuesday,October,Oct,10,4,2022,2
20221019,2022-10-19,Wednesday,October,Oct,10,4,2022,2
20221020,2022-10-20,Thursday,October,Oct,10,4,2022,2
20221021,2022-10-21,Friday,October,Oct,10,4,2022,2
20221022,2022-10-22,Saturday,October,Oct,10,4,2022,2
20221023,2022-10-23,Sunday,October,Oct,10,4,2022,2
20221024,2022-10-24,Monday,October,Oct,10,4,2022,2
20221025,2022-10-25,Tuesday,October,Oct,10,4,2022,2
20221026,2022-10-26,Wednesday,October,Oct,10,4,2022,2
20221027,2022-10-27,Thursday,October,Oct,10,4,2022,2
20221028,2022-10-28,Friday,October,Oct,10,4,2022,2
20221029,2022-10-29,Saturday,October,Oct,10,4,2022,2
20221030,2022-10-30,Sunday,October,Oct,10,4,2022,2
20221031,2022-10-31,Monday,October,Oct,10,4,2022,2
20221101,2022-11-01,Tuesday,November,Nov,11,4,2022,2
20221102,2022-11-02,Wednesday,November,Nov,11,4,2022,2
20221103,2022-11-03,Thursday,November,Nov,11,4,2022,2
20221104,2022-11-04,Friday,November,Nov,11,4,2022,2
20221105,2022-11-05,Saturday,November,Nov,11,4,2022,2
20221106,2022-11-06,Sunday,November,Nov,11,4,2022,2
20221107,2022-11-07,Monday,November,Nov,11,4,2022,2
20221108,2022-11-08,Tuesday,November,Nov,11,4,2022,2
20221109,2022-11-09,Wednesday,November,Nov,11,4,2022,2
20221110,2022-11-10,Thursday,November,Nov,11,4,2022,2
20221111,2022-11-11,Friday,November,Nov,11,4,2022,2
20221112,2022-11-12,Saturday,November,Nov,11,4,2022,2
20221113,2022-11-13,Sunday,November,Nov,11,4,2022,2
20221114,2022-11-14,Monday,November,Nov,11,4,2022,2
20221115,2022-11-15,Tuesday,November,Nov,11,4,2022,2
20221116,2022-11-16,Wednesday,November,Nov,11,4,2022,2
20221117,2022-11-17,Thursday,November,Nov,11,4,2022,2
20221118,2022-11-18,Friday,November,Nov,11,4,2022,2
20221119,2022-11-19,Saturday,November,Nov,11,4,2022,2
20221120,2022-11-20,Sunday,November,Nov,11,4,2022,2
20221121,2022-11-21,Monday,November,Nov,11,4,2022,2
20221122,2022-11-22,Tuesday,November,Nov,11,4,2022,2
20221123,2022-11-23,Wednesday,November,Nov,11,4,2022,2
20221124,2022-11-24,Thursday,November,Nov,11,4,2022,2
20221125,2022-11-25,Friday,November,Nov,11,4,2022,2
20221126,2022-11-26,Saturday,November,Nov,11,4,2022,2
20221127,2022-11-27,Sunday,November,Nov,11,4,2022,2
20221128,2022-11-28,Monday,November,Nov,11,4,2022,2
20221129,2022-11-29,Tuesday,November,Nov,11,4,2022,2
20221130,2022-11-30,Wednesday,November,Nov,11,4,2022,2
20221201,2022-12-01,Thursday,December,Dec,12,4,2022,2
20221202,2022-12-02,Friday,December,Dec,12,4,2022,2
20221203,2022-12-03,Saturday,December,Dec,12,4,2022,2
20221204,2022-12-04,Sunday,December,Dec,12,4,2022,2
20221205,2022-12-05,Monday,December,Dec,12,4,2022,2
20221206,2022-12-06,Tuesday,December,Dec,12,4,2022,2
20221207,2022-12-07,Wednesday,December,Dec,12,4,2022,2
20221208,2022-12-08,Thursday,December,Dec,12,4,2022,2
20221209,2022-12-09,Friday,December,Dec,12,4,2022,2
20221210,2022-12-10,Saturday,December,Dec,12,4,2022,2
20221211,2022-12-11,Sunday,December,Dec,12,4,2022,2
20221212,2022-12-12,Monday,December,Dec,12,4,2022,2
20221213,2022-12-13,Tuesday,December,Dec,12,4,2022,2
20221214,2022-12-14,Wednesday,December,Dec,12,4,2022,2
20221215,2022-12-15,Thursday,December,Dec,12,4,2022,2
20221216,2022-12-16,Friday,December,Dec,12,4,2022,2
20221217,2022-12-17,Saturday,December,Dec,12,4,2022,2
20221218,2022-12-18,Sunday,December,Dec,12,4,2022,2
20221219,2022-12-19,Monday,December,Dec,12,4,2022,2
20221220,2022-12-20,Tuesday,December,Dec,12,4,2022,2
20221221,2022-12-21,Wednesday,December,Dec,12,4,2022,2
20221222,2022-12-22,Thursday,December,Dec,12,4,2022,2
20221223,2022-12-23,Friday,December,Dec,12,4,2022,2
20221224,2022-12-24,Saturday,December,Dec,12,4,2022,2
20221225,2022-12-25,Sunday,December,Dec,12,4,2022,2
20221226,2022-12-26,Monday,December,Dec,12,4,2022,2
20221227,2022-12-27,Tuesday,December,Dec,12,4,2022,2
20221228,2022-12-28,Wednesday,December,Dec,12,4,2022,2
20221229,2022-12-29,Thursday,December,Dec,12,4,2022,2
20221230,2022-12-30,Friday,December,Dec,12,4,2022,2
20221231,2022-12-31,Saturday,December,Dec,12,4,2022,2
20230101,2023-01-01,Sunday,January,Jan,1,1,2023,1
20230102,2023-01-02,Monday,January,Jan,1,1,2023,1
20230103,2023-01-03,Tuesday,January,Jan,1,1,2023,1
20230104,2023-01-04,Wednesday,January,Jan,1,1,2023,1
20230105,2023-01-05,Thursday,January,Jan,1,1,2023,1
20230106,2023-01-06,Friday,January,Jan,1,1,2023,1
20230107,2023-01-07,Saturday,January,Jan,1,1,2023,1
20230108,2023-01-08,Sunday,January,Jan,1,1,2023,1
20230109,2023-01-09,Monday,January,Jan,1,1,2023,1
20230110,2023-01-10,Tuesday,January,Jan,1,1,2023,1
20230111,2023-01-11,Wednesday,January,Jan,1,1,2023,1
20230112,2023-01-12,Thursday,January,Jan,1,1,2023,1
20230113,2023-01-13,Friday,January,Jan,1,1,2023,1
20230114,2023-01-14,Saturday,January,Jan,1,1,2023,1
20230115,2023-01-15,Sunday,January,Jan,1,1,2023,1
20230116,2023-01-16,Monday,January,Jan,1,1,2023,1
20230117,2023-01-17,Tuesday,January,Jan,1,1,2023,1
20230118,2023-01-18,Wednesday,January,Jan,1,1,2023,1
20230119,2023-01-19,Thursday,January,Jan,1,1,2023,1
20230120,2023-01-20,Friday,January,Jan,1,1,2023,1
20230121,2023-01-21,Saturday,January,Jan,1,1,2023,1
20230122,2023-01-22,Sunday,January,Jan,1,1,2023,1
20230123,2023-01-23,Monday,January,Jan,1,1,2023,1
20230124,2023-01-24,Tuesday,January,Jan,1,1,2023,1
20230125,2023-01-25,Wednesday,January,Jan,1,1,2023,1
20230126,2023-01-26,Thursday,January,Jan,1,1,2023,1
20230127,2023-01-27,Friday,January,Jan,1,1,2023,1
20230128,2023-01-28,Saturday,January,Jan,1,1,2023,1
20230129,2023-01-29,Sunday,January,Jan,1,1,2023,1
20230130,2023-01-30,Monday,January,Jan,1,1,2023,1
20230131,2023-01-31,Tuesday,January,Jan,1,1,2023,1
20230201,2023-02-01,Wednesday,February,Feb,2,1,2023,1
20230202,2023-02-02,Thursday,February,Feb,2,1,2023,1
20230203,2023-02-03,Friday,February,Feb,2,1,2023,1
20230204,2023-02-04,Saturday,February,Feb,2,1,2023,1
20230205,2023-02-05,Sunday,February,Feb,2,1,2023,1
20230206,2023-02-06,Monday,February,Feb,2,1,2023,1
20230207,2023-02-07,Tuesday,February,Feb,2,1,2023,1
20230208,2023-02-08,Wednesday,February,Feb,2,1,2023,1
20230209,2023-02-09,Thursday,February,Feb,2,1,2023,1
20230210,2023-02-10,Friday,February,Feb,2,1,2023,1
20230211,2023-02-11,Saturday,February,Feb,2,1,2023,1
20230212,2023-02-12,Sunday,February,Feb,2,1,2023,1
20230213,2023-02-13,Monday,February,Feb,2,1,2023,1
20230214,2023-02-14,Tuesday,February,Feb,2,1,2023,1
20230215,2023-02-15,Wednesday,February,Feb,2,1,2023,1
20230216,2023-02-16,Thursday,February,Feb,2,1,2023,1
20230217,2023-02-17,Friday,February,Feb,2,1,2023,1
20230218,2023-02-18,Saturday,February,Feb,2,1,2023,1
20230219,2023-02-19,Sunday,February,Feb,2,1,2023,1
20230220,2023-02-20,Monday,February,Feb,2,1,2023,1
20230221,2023-02-21,Tuesday,February,Feb,2,1,2023,1
20230222,2023-02-22,Wednesday,February,Feb,2,1,2023,1
20230223,2023-02-23,Thursday,February,Feb,2,1,2023,1
20230224,2023-02-24,Friday,February,Feb,2,1,2023,1
20230225,2023-02-25,Saturday,February,Feb,2,1,2023,1
20230226,2023-02-26,Sunday,February,Feb,2,1,2023,1
20230227,2023-02-27,Monday,February,Feb,2,1,2023,1
20230228,2023-02-28,Tuesday,February,Feb,2,1,2023,1
20230301,2023-03-01,Wednesday,March,Mar,3,1,2023,1
20230302,2023-03-02,Thursday,March,Mar,3,1,2023,1
20230303,2023-03-03,Friday,March,Mar,3,1,2023,1
20230304,2023-03-04,Saturday,March,Mar,3,1,2023,1
20230305,2023-03-05,Sunday,March,Mar,3,1,2023,1
20230306,2023-03-06,Monday,March,Mar,3,1,2023,1
20230307,2023-03-07,Tuesday,March,Mar,3,1,2023,1
20230308,2023-03-08,Wednesday,March,Mar,3,1,2023,1
20230309,2023-03-09,Thursday,March,Mar,3,1,2023,1
20230310,2023-03-10,Friday,March,Mar,3,1,2023,1
20230311,2023-03-11,Saturday,March,Mar,3,1,2023,1
20230312,2023-03-12,Sunday,March,Mar,3,1,2023,1
20230313,2023-03-13,Monday,March,Mar,3,1,2023,1
20230314,2023-03-14,Tuesday,March,Mar,3,1,2023,1
20230315,2023-03-15,Wednesday,March,Mar,3,1,2023,1
20230316,2023-03-16,Thursday,March,Mar,3,1,2023,1
20230317,2023-03-17,Friday,March,Mar,3,1,2023,1
20230318,2023-03-18,Saturday,March,Mar,3,1,2023,1
20230319,2023-03-19,Sunday,March,Mar,3,1,2023,1
20230320,2023-03-20,Monday,March,Mar,3,1,2023,1
20230321,2023-03-21,Tuesday,March,Mar,3,1,2023,1
20230322,2023-03-22,Wednesday,March,Mar,3,1,2023,1
20230323,2023-03-23,Thursday,March,Mar,3,1,2023,1
20230324,2023-03-24,Friday,March,Mar,3,1,2023,1
20230325,2023-03-25,Saturday,March,Mar,3,1,2023,1
20230326,2023-03-26,Sunday,March,Mar,3,1,2023,1
20230327,2023-03-27,Monday,March,Mar,3,1,2023,1
20230328,2023-03-28,Tuesday,March,Mar,3,1,2023,1
20230329,2023-03-29,Wednesday,March,Mar,3,1,2023,1
20230330,2023-03-30,Thursday,March,Mar,3,1,2023,1
20230331,2023-03-31,Friday,March,Mar,3,1,2023,1
20230401,2023-04-01,Saturday,April,Apr,4,2,2023,1
20230402,2023-04-02,Sunday,April,Apr,4,2,2023,1
20230403,2023-04-03,Monday,April,Apr,4,2,2023,1
20230404,2023-04-04,Tuesday,April,Apr,4,2,2023,1
20230405,2023-04-05,Wednesday,April,Apr,4,2,2023,1
20230406,2023-04-06,Thursday,April,Apr,4,2,2023,1
20230407,2023-04-07,Friday,April,Apr,4,2,2023,1
20230408,2023-04-08,Saturday,April,Apr,4,2,2023,1
20230409,2023-04-09,Sunday,April,Apr,4,2,2023,1
20230410,2023-04-10,Monday,April,Apr,4,2,2023,1
20230411,2023-04-11,Tuesday,April,Apr,4,2,2023,1
20230412,2023-04-12,Wednesday,April,Apr,4,2,2023,1
20230413,2023-04-13,Thursday,April,Apr,4,2,2023,1
20230414,2023-04-14,Friday,April,Apr,4,2,2023,1
20230415,2023-04-15,Saturday,April,Apr,4,2,2023,1
20230416,2023-04-16,Sunday,April,Apr,4,2,2023,1
20230417,2023-04-17,Monday,April,Apr,4,2,2023,1
20230418,2023-04-18,Tuesday,April,Apr,4,2,2023,1
20230419,2023-04-19,Wednesday,April,Apr,4,2,2023,1
20230420,2023-04-20,Thursday,April,Apr,4,2,2023,1
20230421,2023-04-21,Friday,April,Apr,4,2,2023,1
20230422,2023-04-22,Saturday,April,Apr,4,2,2023,1
20230423,2023-04-23,Sunday,April,Apr,4,2,2023,1
20230424,2023-04-24,Monday,April,Apr,4,2,2023,1
20230425,2023-04-25,Tuesday,April,Apr,4,2,2023,1
20230426,2023-04-26,Wednesday,April,Apr,4,2,2023,1
20230427,2023-04-27,Thursday,April,Apr,4,2,2023,1
20230428,2023-04-28,Friday,April,Apr,4,2,2023,1
20230429,2023-04-29,Saturday,April,Apr,4,2,2023,1
20230430,2023-04-30,Sunday,April,Apr,4,2,2023,1
20230501,2023-05-01,Monday,May,May,5,2,2023,1
20230502,2023-05-02,Tuesday,May,May,5,2,2023,1
20230503,2023-05-03,Wednesday,May,May,5,2,2023,1
20230504,2023-05-04,Thursday,May,May,5,2,2023,1
20230505,2023-05-05,Friday,May,May,5,2,2023,1
20230506,2023-05-06,Saturday,May,May,5,2,2023,1
20230507,2023-05-07,Sunday,May,May,5,2,2023,1
20230508,2023-05-08,Monday,May,May,5,2,2023,1
20230509,2023-05-09,Tuesday,May,May,5,2,2023,1
20230510,2023-05-10,Wednesday,May,May,5,2,2023,1
20230511,2023-05-11,Thursday,May,May,5,2,2023,1
20230512,2023-05-12,Friday,May,May,5,2,2023,1
20230513,2023-05-13,Saturday,May,May,5,2,2023,1
20230514,2023-05-14,Sunday,May,May,5,2,2023,1
20230515,2023-05-15,Monday,May,May,5,2,2023,1
20230516,2023-05-16,Tuesday,May,May,5,2,2023,1
20230517,2023-05-17,Wednesday,May,May,5,2,2023,1
20230518,2023-05-18,Thursday,May,May,5,2,2023,1
20230519,2023-05-19,Friday,May,May,5,2,2023,1
20230520,2023-05-20,Saturday,May,May,5,2,2023,1
20230521,2023-05-21,Sunday,May,May,5,2,2023,1
20230522,2023-05-22,Monday,May,May,5,2,2023,1
20230523,2023-05-23,Tuesday,May,May,5,2,2023,1
20230524,2023-05-24,Wednesday,May,May,5,2,2023,1
20230525,2023-05-25,Thursday,May,May,5,2,2023,1
20230526,2023-05-26,Friday,May,May,5,2,2023,1
20230527,2023-05-27,Saturday,May,May,5,2,2023,1
20230528,2023-05-28,Sunday,May,May,5,2,2023,1
20230529,2023-05-29,Monday,May,May,5,2,2023,1
20230530,2023-05-30,Tuesday,May,May,5,2,2023,1
20230531,2023-05-31,Wednesday,May,May,5,2,2023,1
20230601,2023-06-01,Thursday,June,Jun,6,2,2023,1
20230602,2023-06-02,Friday,June,Jun,6,2,2023,1
20230603,2023-06-03,Saturday,June,Jun,6,2,2023,1
20230604,2023-06-04,Sunday,June,Jun,6,2,2023,1
20230605,2023-06-05,Monday,June,Jun,6,2,2023,1
20230606,2023-06-06,Tuesday,June,Jun,6,2,2023,1
20230607,2023-06-07,Wednesday,June,Jun,6,2,2023,1
20230608,2023-06-08,Thursday,June,Jun,6,2,2023,1
20230609,2023-06-09,Friday,June,Jun,6,2,2023,1
20230610,2023-06-10,Saturday,June,Jun,6,2,2023,1
20230611,2023-06-11,Sunday,June,Jun,6,2,2023,1
20230612,2023-06-12,Monday,June,Jun,6,2,2023,1
20230613,2023-06-13,Tuesday,June,Jun,6,2,2023,1
20230614,2023-06-14,Wednesday,June,Jun,6,2,2023,1
20230615,2023-06-15,Thursday,June,Jun,6,2,2023,1
20230616,2023-06-16,Friday,June,Jun,6,2,2023,1
20230617,2023-06-17,Saturday,June,Jun,6,2,2023,1
20230618,2023-06-18,Sunday,June,Jun,6,2,2023,1
20230619,2023-06-19,Monday,June,Jun,6,2,2023,1
20230620,2023-06-20,Tuesday,June,Jun,6,2,2023,1
20230621,2023-06-21,Wednesday,June,Jun,6,2,2023,1
20230622,2023-06-22,Thursday,June,Jun,6,2,2023,1
20230623,2023-06-23,Friday,June,Jun,6,2,2023,1
20230624,2023-06-24,Saturday,June,Jun,6,2,2023,1
20230625,2023-06-25,Sunday,June,Jun,6,2,2023,1
20230626,2023-06-26,Monday,June,Jun,6,2,2023,1
20230627,2023-06-27,Tuesday,June,Jun,6,2,2023,1
20230628,2023-06-28,Wednesday,June,Jun,6,2,2023,1
20230629,2023-06-29,Thursday,June,Jun,6,2,2023,1
20230630,2023-06-30,Friday,June,Jun,6,2,2023,1
20230701,2023-07-01,Saturday,July,Jul,7,3,2023,2
20230702,2023-07-02,Sunday,July,Jul,7,3,2023,2
20230703,2023-07-03,Monday,July,Jul,7,3,2023,2
20230704,2023-07-04,Tuesday,July,Jul,7,3,2023,2
20230705,2023-07-05,Wednesday,July,Jul,7,3,2023,2
20230706,2023-07-06,Thursday,July,Jul,7,3,2023,2
20230707,2023-07-07,Friday,July,Jul,7,3,2023,2
20230708,2023-07-08,Saturday,July,Jul,7,3,2023,2
20230709,2023-07-09,Sunday,July,Jul,7,3,2023,2
20230710,2023-07-10,Monday,July,Jul,7,3,2023,2
20230711,2023-07-11,Tuesday,July,Jul,7,3,2023,2
20230712,2023-07-12,Wednesday,July,Jul,7,3,2023,2
20230713,2023-07-13,Thursday,July,Jul,7,3,2023,2
20230714,2023-07-14,Friday,July,Jul,7,3,2023,2
20230715,2023-07-15,Saturday,July,Jul,7,3,2023,2
20230716,2023-07-16,Sunday,July,Jul,7,3,2023,2
20230717,2023-07-17,Monday,July,Jul,7,3,2023,2
20230718,2023-07-18,Tuesday,July,Jul,7,3,2023,2
20230719,2023-07-19,Wednesday,July,Jul,7,3,2023,2
20230720,2023-07-20,Thursday,July,Jul,7,3,2023,2
20230721,2023-07-21,Friday,July,Jul,7,3,2023,2
20230722,2023-07-22,Saturday,July,Jul,7,3,2023,2
20230723,2023-07-23,Sunday,July,Jul,7,3,2023,2
20230724,2023-07-24,Monday,July,Jul,7,3,2023,2
20230725,2023-07-25,Tuesday,July,Jul,7,3,2023,2
20230726,2023-07-26,Wednesday,July,Jul,7,3,2023,2
20230727,2023-07-27,Thursday,July,Jul,7,3,2023,2
20230728,2023-07-28,Friday,July,Jul,7,3,2023,2
20230729,2023-07-29,Saturday,July,Jul,7,3,2023,2
20230730,2023-07-30,Sunday,July,Jul,7,3,2023,2
20230731,2023-07-31,Monday,July,Jul,7,3,2023,2
20230801,2023-08-01,Tuesday,August,Aug,8,3,2023,2
20230802,2023-08-02,Wednesday,August,Aug,8,3,2023,2
20230803,2023-08-03,Thursday,August,Aug,8,3,2023,2
20230804,2023-08-04,Friday,August,Aug,8,3,2023,2
20230805,2023-08-05,Saturday,August,Aug,8,3,2023,2
20230806,2023-08-06,Sunday,August,Aug,8,3,2023,2
20230807,2023-08-07,Monday,August,Aug,8,3,2023,2
20230808,2023-08-08,Tuesday,August,Aug,8,3,2023,2
20230809,2023-08-09,Wednesday,August,Aug,8,3,2023,2
20230810,2023-08-10,Thursday,August,Aug,8,3,2023,2
20230811,2023-08-11,Friday,August,Aug,8,3,2023,2
20230812,2023-08-12,Saturday,August,Aug,8,3,2023,2
20230813,2023-08-13,Sunday,August,Aug,8,3,2023,2
20230814,2023-08-14,Monday,August,Aug,8,3,2023,2
20230815,2023-08-15,Tuesday,August,Aug,8,3,2023,2
20230816,2023-08-16,Wednesday,August,Aug,8,3,2023,2
20230817,2023-08-17,Thursday,August,Aug,8,3,2023,2
20230818,2023-08-18,Friday,August,Aug,8,3,2023,2
20230819,2023-08-19,Saturday,August,Aug,8,3,2023,2
20230820,2023-08-20,Sunday,August,Aug,8,3,2023,2
20230821,2023-08-21,Monday,August,Aug,8,3,2023,2
20230822,2023-08-22,Tuesday,August,Aug,8,3,2023,2
20230823,2023-08-23,Wednesday,August,Aug,8,3,2023,2
20230824,2023-08-24,Thursday,August,Aug,8,3,2023,2
20230825,2023-08-25,Friday,August,Aug,8,3,2023,2
20230826,2023-08-26,Saturday,August,Aug,8,3,2023,2
20230827,2023-08-27,Sunday,August,Aug,8,3,2023,2
20230828,2023-08-28,Monday,August,Aug,8,3,2023,2
20230829,2023-08-29,Tuesday,August,Aug,8,3,2023,2
20230830,2023-08-30,Wednesday,August,Aug,8,3,2023,2
20230831,2023-08-31,Thursday,August,Aug,8,3,2023,2
20230901,2023-09-01,Friday,September,Sep,9,3,2023,2
20230902,2023-09-02,Saturday,September,Sep,9,3,2023,2
20230903,2023-09-03,Sunday,September,Sep,9,3,2023,2
20230904,2023-09-04,Monday,September,Sep,9,3,2023,2
20230905,2023-09-05,Tuesday,September,Sep,9,3,2023,2
20230906,2023-09-06,Wednesday,September,Sep,9,3,2023,2
20230907,2023-09-07,Thursday,September,Sep,9,3,2023,2
20230908,2023-09-08,Friday,September,Sep,9,3,2023,2
20230909,2023-09-09,Saturday,September,Sep,9,3,2023,2
20230910,2023-09-10,Sunday,September,Sep,9,3,2023,2
20230911,2023-09-11,Monday,September,Sep,9,3,2023,2
20230912,2023-09-12,Tuesday,September,Sep,9,3,2023,2
20230913,2023-09-13,Wednesday,September,Sep,9,3,2023,2
20230914,2023-09-14,Thursday,September,Sep,9,3,2023,2
20230915,2023-09-15,Friday,September,Sep,9,3,2023,2
20230916,2023-09-16,Saturday,September,Sep,9,3,2023,2
20230917,2023-09-17,Sunday,September,Sep,9,3,2023,2
20230918,2023-09-18,Monday,September,Sep,9,3,2023,2
20230919,2023-09-19,Tuesday,September,Sep,9,3,2023,2
20230920,2023-09-20,Wednesday,September,Sep,9,3,2023,2
20230921,2023-09-21,Thursday,September,Sep,9,3,2023,2
20230922,2023-09-22,Friday,September,Sep,9,3,2023,2
20230923,2023-09-23,Saturday,September,Sep,9,3,2023,2
20230924,2023-09-24,Sunday,September,Sep,9,3,2023,2
20230925,2023-09-25,Monday,September,Sep,9,3,2023,2
20230926,2023-09-26,Tuesday,September,Sep,9,3,2023,2
20230927,2023-09-27,Wednesday,September,Sep,9,3,2023,2
20230928,2023-09-28,Thursday,September,Sep,9,3,2023,2
20230929,2023-09-29,Friday,September,Sep,9,3,2023,2
20230930,2023-09-30,Saturday,September,Sep,9,3,2023,2
20231001,2023-10-01,Sunday,October,Oct,10,4,2023,2
20231002,2023-10-02,Monday,October,Oct,10,4,2023,2
20231003,2023-10-03,Tuesday,October,Oct,10,4,2023,2
20231004,2023-10-04,Wednesday,October,Oct,10,4,2023,2
20231005,2023-10-05,Thursday,October,Oct,10,4,2023,2
20231006,2023-10-06,Friday,October,Oct,10,4,2023,2
20231007,2023-10-07,Saturday,October,Oct,10,4,2023,2
20231008,2023-10-08,Sunday,October,Oct,10,4,2023,2
20231009,2023-10-09,Monday,October,Oct,10,4,2023,2
20231010,2023-10-10,Tuesday,October,Oct,10,4,2023,2
20231011,2023-10-11,Wednesday,October,Oct,10,4,2023,2
20231012,2023-10-12,Thursday,October,Oct,10,4,2023,2
20231013,2023-10-13,Friday,October,Oct,10,4,2023,2
20231014,2023-10-14,Saturday,October,Oct,10,4,2023,2
20231015,2023-10-15,Sunday,October,Oct,10,4,2023,2
20231016,2023-10-16,Monday,October,Oct,10,4,2023,2
20231017,2023-10-17,Tuesday,October,Oct,10,4,2023,2
20231018,2023-10-18,Wednesday,October,Oct,10,4,2023,2
20231019,2023-10-19,Thursday,October,Oct,10,4,2023,2
20231020,2023-10-20,Friday,October,Oct,10,4,2023,2
20231021,2023-10-21,Saturday,October,Oct,10,4,2023,2
20231022,2023-10-22,Sunday,October,Oct,10,4,2023,2
20231023,2023-10-23,Monday,October,Oct,10,4,2023,2
20231024,2023-10-24,Tuesday,October,Oct,10,4,2023,2
20231025,2023-10-25,Wednesday,October,Oct,10,4,2023,2
20231026,2023-10-26,Thursday,October,Oct,10,4,2023,2
20231027,2023-10-27,Friday,October,Oct,10,4,2023,2
20231028,2023-10-28,Saturday,October,Oct,10,4,2023,2
20231029,2023-10-29,Sunday,October,Oct,10,4,2023,2
20231030,2023-10-30,Monday,October,Oct,10,4,2023,2
20231031,2023-10-31,Tuesday,October,Oct,10,4,2023,2
20231101,2023-11-01,Wednesday,November,Nov,11,4,2023,2
20231102,2023-11-02,Thursday,November,Nov,11,4,2023,2
20231103,2023-11-03,Friday,November,Nov,11,4,2023,2
20231104,2023-11-04,Saturday,November,Nov,11,4,2023,2
20231105,2023-11-05,Sunday,November,Nov,11,4,2023,2
20231106,2023-11-06,Monday,November,Nov,11,4,2023,2
20231107,2023-11-07,Tuesday,November,Nov,11,4,2023,2
20231108,2023-11-08,Wednesday,November,Nov,11,4,2023,2
20231109,2023-11-09,Thursday,November,Nov,11,4,2023,2
20231110,2023-11-10,Friday,November,Nov,11,4,2023,2
20231111,2023-11-11,Saturday,November,Nov,11,4,2023,2
20231112,2023-11-12,Sunday,November,Nov,11,4,2023,2
20231113,2023-11-13,Monday,November,Nov,11,4,2023,2
20231114,2023-11-14,Tuesday,November,Nov,11,4,2023,2
20231115,2023-11-15,Wednesday,November,Nov,11,4,2023,2
20231116,2023-11-16,Thursday,November,Nov,11,4,2023,2
20231117,2023-11-17,Friday,November,Nov,11,4,2023,2
20231118,2023-11-18,Saturday,November,Nov,11,4,2023,2
20231119,2023-11-19,Sunday,November,Nov,11,4,2023,2
20231120,2023-11-20,Monday,November,Nov,11,4,2023,2
20231121,2023-11-21,Tuesday,November,Nov,11,4,2023,2
20231122,2023-11-22,Wednesday,November,Nov,11,4,2023,2
20231123,2023-11-23,Thursday,November,Nov,11,4,2023,2
20231124,2023-11-24,Friday,November,Nov,11,4,2023,2
20231125,2023-11-25,Saturday,November,Nov,11,4,2023,2
20231126,2023-11-26,Sunday,November,Nov,11,4,2023,2
20231127,2023-11-27,Monday,November,Nov,11,4,2023,2
20231128,2023-11-28,Tuesday,November,Nov,11,4,2023,2
20231129,2023-11-29,Wednesday,November,Nov,11,4,2023,2
20231130,2023-11-30,Thursday,November,Nov,11,4,2023,2
20231201,2023-12-01,Friday,December,Dec,12,4,2023,2
20231202,2023-12-02,Saturday,December,Dec,12,4,2023,2
20231203,2023-12-03,Sunday,December,Dec,12,4,2023,2
20231204,2023-12-04,Monday,December,Dec,12,4,2023,2
20231205,2023-12-05,Tuesday,December,Dec,12,4,2023,2
20231206,2023-12-06,Wednesday,December,Dec,12,4,2023,2
20231207,2023-12-07,Thursday,December,Dec,12,4,2023,2
20231208,2023-12-08,Friday,December,Dec,12,4,2023,2
20231209,2023-12-09,Saturday,December,Dec,12,4,2023,2
20231210,2023-12-10,Sunday,December,Dec,12,4,2023,2
20231211,2023-12-11,Monday,December,Dec,12,4,2023,2
20231212,2023-12-12,Tuesday,December,Dec,12,4,2023,2
20231213,2023-12-13,Wednesday,December,Dec,12,4,2023,2
20231214,2023-12-14,Thursday,December,Dec,12,4,2023,2
20231215,2023-12-15,Friday,December,Dec,12,4,2023,2
20231216,2023-12-16,Saturday,December,Dec,12,4,2023,2
20231217,2023-12-17,Sunday,December,Dec,12,4,2023,2
20231218,2023-12-18,Monday,December,Dec,12,4,2023,2
20231219,2023-12-19,Tuesday,December,Dec,12,4,2023,2
20231220,2023-12-20,Wednesday,December,Dec,12,4,2023,2
20231221,2023-12-21,Thursday,December,Dec,12,4,2023,2
20231222,2023-12-22,Friday,December,Dec,12,4,2023,2
20231223,2023-12-23,Saturday,December,Dec,12,4,2023,2
20231224,2023-12-24,Sunday,December,Dec,12,4,2023,2
20231225,2023-12-25,Monday,December,Dec,12,4,2023,2
20231226,2023-12-26,Tuesday,December,Dec,12,4,2023,2
20231227,2023-12-27,Wednesday,December,Dec,12,4,2023,2
20231228,2023-12-28,Thursday,December,Dec,12,4,2023,2
20231229,2023-12-29,Friday,December,Dec,12,4,2023,2
20231230,2023-12-30,Saturday,December,Dec,12,4,2023,2
20231231,2023-12-31,Sunday,December,Dec,12,4,2023,2
